ID,Req. Timestamp,Resp. Timestamp,Method,URL,Code,Reason,RTT,Size Resp. Header,Size Resp. Body
2080,Fri Apr 03 16:31:41 IST 2026,Fri Apr 03 16:31:41 IST 2026,GET,https://telvex-tailore-management.onrender.com/verify-otp/8039451357067439925,404,Not Found,458,481,179
2082,Fri Apr 03 16:31:41 IST 2026,Fri Apr 03 16:31:42 IST 2026,GET,https://telvex-tailore-management.onrender.com/verify-otp,301,Moved Permanently,475,488,0
2083,Fri Apr 03 16:31:42 IST 2026,Fri Apr 03 16:31:42 IST 2026,GET,https://telvex-tailore-management.onrender.com/verify-otp,301,Moved Permanently,467,488,0
2084,Fri Apr 03 16:31:42 IST 2026,Fri Apr 03 16:31:43 IST 2026,GET,https://telvex-tailore-management.onrender.com/verify-otp,301,Moved Permanently,522,488,0
2085,Fri Apr 03 16:31:43 IST 2026,Fri Apr 03 16:31:43 IST 2026,GET,https://telvex-tailore-management.onrender.com/verify-otp,301,Moved Permanently,439,488,0
2086,Fri Apr 03 16:31:43 IST 2026,Fri Apr 03 16:31:43 IST 2026,GET,https://telvex-tailore-management.onrender.com/WEB-INF/web.xml,404,Not Found,440,481,179
2087,Fri Apr 03 16:31:43 IST 2026,Fri Apr 03 16:31:44 IST 2026,GET,https://telvex-tailore-management.onrender.com/verify-otp,301,Moved Permanently,399,488,0
2088,Fri Apr 03 16:31:43 IST 2026,Fri Apr 03 16:31:44 IST 2026,GET,https://telvex-tailore-management.onrender.com/WEB-INF/applicationContext.xml,404,Not Found,417,481,179
2089,Fri Apr 03 16:31:44 IST 2026,Fri Apr 03 16:31:44 IST 2026,GET,https://telvex-tailore-management.onrender.com/verify-otp/?-s,302,Found,426,494,0
2090,Fri Apr 03 16:31:44 IST 2026,Fri Apr 03 16:31:45 IST 2026,GET,https://telvex-tailore-management.onrender.com/verify-otp,301,Moved Permanently,612,488,0
2091,Fri Apr 03 16:31:45 IST 2026,Fri Apr 03 16:31:45 IST 2026,POST,https://telvex-tailore-management.onrender.com/verify-otp/?-d+allow_url_include%3d1+-d+auto_prepend_file%3dphp://input,403,Forbidden,152,427,4514
2092,Fri Apr 03 16:31:45 IST 2026,Fri Apr 03 16:31:45 IST 2026,POST,https://telvex-tailore-management.onrender.com/verify-otp?-d+allow_url_include%3d1+-d+auto_prepend_file%3dphp://input,403,Forbidden,159,427,4514
2093,Fri Apr 03 16:31:45 IST 2026,Fri Apr 03 16:31:45 IST 2026,POST,https://telvex-tailore-management.onrender.com/verify-otp/?-d+allow_url_include%3d1+-d+auto_prepend_file%3dphp://input,403,Forbidden,59,427,4514
2094,Fri Apr 03 16:31:45 IST 2026,Fri Apr 03 16:31:45 IST 2026,POST,https://telvex-tailore-management.onrender.com/verify-otp?-d+allow_url_include%3d1+-d+auto_prepend_file%3dphp://input,403,Forbidden,58,427,4514
2095,Fri Apr 03 16:31:45 IST 2026,Fri Apr 03 16:31:45 IST 2026,GET,https://telvex-tailore-management.onrender.com/verify-otp,301,Moved Permanently,423,488,0
2096,Fri Apr 03 16:31:45 IST 2026,Fri Apr 03 16:31:46 IST 2026,GET,https://telvex-tailore-management.onrender.com/verify-otp,301,Moved Permanently,458,488,0
2097,Fri Apr 03 16:31:46 IST 2026,Fri Apr 03 16:31:46 IST 2026,GET,https://telvex-tailore-management.onrender.com/verify-otp,301,Moved Permanently,420,488,0
2098,Fri Apr 03 16:31:46 IST 2026,Fri Apr 03 16:31:47 IST 2026,GET,https://telvex-tailore-management.onrender.com/verify-otp,301,Moved Permanently,437,488,0
2099,Fri Apr 03 16:31:47 IST 2026,Fri Apr 03 16:31:47 IST 2026,GET,https://telvex-tailore-management.onrender.com/verify-otp,301,Moved Permanently,485,488,0
2100,Fri Apr 03 16:31:47 IST 2026,Fri Apr 03 16:31:48 IST 2026,GET,https://telvex-tailore-management.onrender.com/verify-otp,301,Moved Permanently,441,488,0
2101,Fri Apr 03 16:31:47 IST 2026,Fri Apr 03 16:31:48 IST 2026,GET,https://telvex-tailore-management.onrender.com/verify-otp/,302,Found,441,494,0
2102,Fri Apr 03 16:31:48 IST 2026,Fri Apr 03 16:31:48 IST 2026,GET,https://telvex-tailore-management.onrender.com/verify-otp,301,Moved Permanently,445,488,0
2103,Fri Apr 03 16:31:48 IST 2026,Fri Apr 03 16:31:49 IST 2026,GET,https://telvex-tailore-management.onrender.com/verify-otp,301,Moved Permanently,494,488,0
2104,Fri Apr 03 16:31:49 IST 2026,Fri Apr 03 16:31:49 IST 2026,GET,https://telvex-tailore-management.onrender.com/verify-otp,301,Moved Permanently,433,488,0
2105,Fri Apr 03 16:31:49 IST 2026,Fri Apr 03 16:31:49 IST 2026,GET,https://telvex-tailore-management.onrender.com/verify-otp,301,Moved Permanently,507,488,0
2106,Fri Apr 03 16:31:49 IST 2026,Fri Apr 03 16:31:50 IST 2026,GET,https://telvex-tailore-management.onrender.com/verify-otp,301,Moved Permanently,489,488,0
2107,Fri Apr 03 16:31:50 IST 2026,Fri Apr 03 16:31:50 IST 2026,GET,https://telvex-tailore-management.onrender.com/verify-otp,301,Moved Permanently,464,488,0
2108,Fri Apr 03 16:31:50 IST 2026,Fri Apr 03 16:31:51 IST 2026,GET,https://telvex-tailore-management.onrender.com/verify-otp,301,Moved Permanently,406,488,0
2109,Fri Apr 03 16:31:51 IST 2026,Fri Apr 03 16:31:51 IST 2026,GET,https://telvex-tailore-management.onrender.com/verify-otp,301,Moved Permanently,468,488,0
2110,Fri Apr 03 16:31:52 IST 2026,Fri Apr 03 16:31:52 IST 2026,GET,https://telvex-tailore-management.onrender.com/verify-otp,301,Moved Permanently,485,488,0
2111,Fri Apr 03 16:31:52 IST 2026,Fri Apr 03 16:31:52 IST 2026,GET,https://telvex-tailore-management.onrender.com/verify-otp,301,Moved Permanently,475,488,0
2112,Fri Apr 03 16:31:52 IST 2026,Fri Apr 03 16:31:53 IST 2026,GET,https://telvex-tailore-management.onrender.com/verify-otp,301,Moved Permanently,535,488,0
2113,Fri Apr 03 16:31:53 IST 2026,Fri Apr 03 16:31:53 IST 2026,GET,https://telvex-tailore-management.onrender.com/verify-otp/?class.module.classLoader.DefaultAssertionStatus=nonsense,200,OK,421,618,5271
2114,Fri Apr 03 16:31:53 IST 2026,Fri Apr 03 16:31:53 IST 2026,GET,https://telvex-tailore-management.onrender.com/verify-otp?class.module.classLoader.DefaultAssertionStatus=nonsense,200,OK,435,618,5271
2115,Fri Apr 03 16:31:54 IST 2026,Fri Apr 03 16:31:54 IST 2026,POST,https://telvex-tailore-management.onrender.com/verify-otp/,403,Forbidden,420,482,1852
2116,Fri Apr 03 16:31:54 IST 2026,Fri Apr 03 16:31:55 IST 2026,POST,https://telvex-tailore-management.onrender.com/verify-otp,200,OK,545,618,5271
2117,Fri Apr 03 16:31:56 IST 2026,Fri Apr 03 16:31:57 IST 2026,GET,https://telvex-tailore-management.onrender.com/verify-otp,301,Moved Permanently,537,488,0
2118,Fri Apr 03 16:31:57 IST 2026,Fri Apr 03 16:31:57 IST 2026,GET,https://telvex-tailore-management.onrender.com/verify-otp,301,Moved Permanently,626,488,0
2119,Fri Apr 03 16:31:57 IST 2026,Fri Apr 03 16:31:58 IST 2026,GET,https://telvex-tailore-management.onrender.com/verify-otp,301,Moved Permanently,441,488,0
2120,Fri Apr 03 16:31:58 IST 2026,Fri Apr 03 16:31:58 IST 2026,GET,https://telvex-tailore-management.onrender.com/verify-otp,301,Moved Permanently,422,488,0
2121,Fri Apr 03 16:31:58 IST 2026,Fri Apr 03 16:31:58 IST 2026,GET,https://telvex-tailore-management.onrender.com/verify-otp,301,Moved Permanently,419,488,0
2122,Fri Apr 03 16:31:58 IST 2026,Fri Apr 03 16:31:59 IST 2026,GET,https://telvex-tailore-management.onrender.com/verify-otp,301,Moved Permanently,464,488,0
2123,Fri Apr 03 16:31:59 IST 2026,Fri Apr 03 16:31:59 IST 2026,GET,https://telvex-tailore-management.onrender.com/latest/meta-data/,403,Forbidden,141,183,553
2124,Fri Apr 03 16:31:59 IST 2026,Fri Apr 03 16:31:59 IST 2026,GET,https://telvex-tailore-management.onrender.com/latest/meta-data/,403,Forbidden,55,183,553
2125,Fri Apr 03 16:31:59 IST 2026,Fri Apr 03 16:31:59 IST 2026,GET,https://telvex-tailore-management.onrender.com/computeMetadata/v1/,403,Forbidden,52,183,553
2126,Fri Apr 03 16:31:59 IST 2026,Fri Apr 03 16:31:59 IST 2026,GET,https://telvex-tailore-management.onrender.com/computeMetadata/v1/,403,Forbidden,48,183,553
2127,Fri Apr 03 16:31:59 IST 2026,Fri Apr 03 16:31:59 IST 2026,GET,https://telvex-tailore-management.onrender.com/opc/v1/instance/,403,Forbidden,41,183,553
2128,Fri Apr 03 16:31:59 IST 2026,Fri Apr 03 16:31:59 IST 2026,GET,https://telvex-tailore-management.onrender.com/opc/v1/instance/,403,Forbidden,49,183,553
2129,Fri Apr 03 16:31:59 IST 2026,Fri Apr 03 16:31:59 IST 2026,GET,https://telvex-tailore-management.onrender.com/verify-otp,301,Moved Permanently,438,488,0
2130,Fri Apr 03 16:31:59 IST 2026,Fri Apr 03 16:31:59 IST 2026,GET,https://telvex-tailore-management.onrender.com/latest/meta-data/,403,Forbidden,48,183,553
2131,Fri Apr 03 16:31:59 IST 2026,Fri Apr 03 16:31:59 IST 2026,GET,https://telvex-tailore-management.onrender.com/latest/meta-data/,403,Forbidden,72,183,553
2132,Fri Apr 03 16:31:59 IST 2026,Fri Apr 03 16:31:59 IST 2026,GET,https://telvex-tailore-management.onrender.com/metadata/instance,403,Forbidden,47,183,553
2133,Fri Apr 03 16:31:59 IST 2026,Fri Apr 03 16:32:00 IST 2026,GET,https://telvex-tailore-management.onrender.com/verify-otp,301,Moved Permanently,333,488,0
2134,Fri Apr 03 16:32:00 IST 2026,Fri Apr 03 16:32:00 IST 2026,GET,https://telvex-tailore-management.onrender.com/verify-otp,301,Moved Permanently,451,488,0
2135,Fri Apr 03 16:32:00 IST 2026,Fri Apr 03 16:32:01 IST 2026,GET,https://telvex-tailore-management.onrender.com/verify-otp,301,Moved Permanently,427,488,0
2136,Fri Apr 03 16:32:01 IST 2026,Fri Apr 03 16:32:01 IST 2026,GET,https://telvex-tailore-management.onrender.com/verify-otp/,200,OK,463,618,5271
2137,Fri Apr 03 16:32:01 IST 2026,Fri Apr 03 16:32:01 IST 2026,GET,https://telvex-tailore-management.onrender.com/verify-otp/,200,OK,500,618,5271
2138,Fri Apr 03 16:32:02 IST 2026,Fri Apr 03 16:32:02 IST 2026,GET,https://telvex-tailore-management.onrender.com/verify-otp,301,Moved Permanently,495,488,0
2139,Fri Apr 03 16:32:02 IST 2026,Fri Apr 03 16:32:03 IST 2026,GET,https://telvex-tailore-management.onrender.com/verify-otp,301,Moved Permanently,456,488,0
2140,Fri Apr 03 16:32:03 IST 2026,Fri Apr 03 16:32:03 IST 2026,GET,https://telvex-tailore-management.onrender.com/verify-otp,301,Moved Permanently,477,488,0
2141,Fri Apr 03 16:32:03 IST 2026,Fri Apr 03 16:32:04 IST 2026,GET,https://telvex-tailore-management.onrender.com/verify-otp,301,Moved Permanently,456,488,0
2142,Fri Apr 03 16:32:04 IST 2026,Fri Apr 03 16:32:04 IST 2026,GET,https://telvex-tailore-management.onrender.com/verify-otp,301,Moved Permanently,470,488,0
2143,Fri Apr 03 16:32:04 IST 2026,Fri Apr 03 16:32:05 IST 2026,GET,https://telvex-tailore-management.onrender.com/verify-otp,301,Moved Permanently,495,488,0
2144,Fri Apr 03 16:32:04 IST 2026,Fri Apr 03 16:32:05 IST 2026,GET,https://telvex-tailore-management.onrender.com/elmah.axd,404,Not Found,498,481,179
2145,Fri Apr 03 16:32:05 IST 2026,Fri Apr 03 16:32:05 IST 2026,GET,https://telvex-tailore-management.onrender.com/verify-otp/trace.axd,404,Not Found,469,481,179
2146,Fri Apr 03 16:32:05 IST 2026,Fri Apr 03 16:32:05 IST 2026,GET,https://telvex-tailore-management.onrender.com/trace.axd,404,Not Found,469,481,179
2147,Fri Apr 03 16:32:05 IST 2026,Fri Apr 03 16:32:05 IST 2026,GET,https://telvex-tailore-management.onrender.com/verify-otp,301,Moved Permanently,485,488,0
2148,Fri Apr 03 16:32:05 IST 2026,Fri Apr 03 16:32:06 IST 2026,GET,https://telvex-tailore-management.onrender.com/.htaccess,404,Not Found,512,481,179
2149,Fri Apr 03 16:32:05 IST 2026,Fri Apr 03 16:32:06 IST 2026,GET,https://telvex-tailore-management.onrender.com/verify-otp/.htaccess,404,Not Found,526,481,179
2150,Fri Apr 03 16:32:06 IST 2026,Fri Apr 03 16:32:06 IST 2026,GET,https://telvex-tailore-management.onrender.com/verify-otp,301,Moved Permanently,446,488,0
2151,Fri Apr 03 16:32:06 IST 2026,Fri Apr 03 16:32:07 IST 2026,GET,https://telvex-tailore-management.onrender.com/.env,404,Not Found,417,481,179
2152,Fri Apr 03 16:32:06 IST 2026,Fri Apr 03 16:32:07 IST 2026,GET,https://telvex-tailore-management.onrender.com/verify-otp/.env,404,Not Found,435,481,179
2153,Fri Apr 03 16:32:07 IST 2026,Fri Apr 03 16:32:07 IST 2026,GET,https://telvex-tailore-management.onrender.com/verify-otp,301,Moved Permanently,442,488,0
2154,Fri Apr 03 16:32:07 IST 2026,Fri Apr 03 16:32:08 IST 2026,GET,https://telvex-tailore-management.onrender.com/zap3580228604472146201,404,Not Found,466,481,179
2155,Fri Apr 03 16:32:07 IST 2026,Fri Apr 03 16:32:08 IST 2026,GET,https://telvex-tailore-management.onrender.com/verify-otp,301,Moved Permanently,470,488,0
2156,Fri Apr 03 16:32:08 IST 2026,Fri Apr 03 16:32:08 IST 2026,GET,https://telvex-tailore-management.onrender.com/.zap1069537588514566698,404,Not Found,436,481,179
2157,Fri Apr 03 16:32:08 IST 2026,Fri Apr 03 16:32:08 IST 2026,GET,https://telvex-tailore-management.onrender.com/verify-otp,301,Moved Permanently,438,488,0
2158,Fri Apr 03 16:32:08 IST 2026,Fri Apr 03 16:32:08 IST 2026,GET,https://telvex-tailore-management.onrender.com/actuator/health,404,Not Found,438,481,179
2159,Fri Apr 03 16:32:08 IST 2026,Fri Apr 03 16:32:09 IST 2026,GET,https://telvex-tailore-management.onrender.com/lfm.php,404,Not Found,407,481,179
2160,Fri Apr 03 16:32:08 IST 2026,Fri Apr 03 16:32:09 IST 2026,GET,https://telvex-tailore-management.onrender.com/actuator/health,404,Not Found,441,481,179
2161,Fri Apr 03 16:32:09 IST 2026,Fri Apr 03 16:32:09 IST 2026,GET,https://telvex-tailore-management.onrender.com/.idea/WebServers.xml,404,Not Found,412,481,179
2162,Fri Apr 03 16:32:09 IST 2026,Fri Apr 03 16:32:10 IST 2026,GET,https://telvex-tailore-management.onrender.com/config/databases.yml,404,Not Found,511,481,179
2163,Fri Apr 03 16:32:10 IST 2026,Fri Apr 03 16:32:10 IST 2026,GET,https://telvex-tailore-management.onrender.com/config/database.yml,404,Not Found,464,481,179
2164,Fri Apr 03 16:32:10 IST 2026,Fri Apr 03 16:32:11 IST 2026,GET,https://telvex-tailore-management.onrender.com/.git/config,404,Not Found,507,481,179
2165,Fri Apr 03 16:32:11 IST 2026,Fri Apr 03 16:32:11 IST 2026,GET,https://telvex-tailore-management.onrender.com/.svn/entries,404,Not Found,398,481,179
2166,Fri Apr 03 16:32:11 IST 2026,Fri Apr 03 16:32:11 IST 2026,GET,https://telvex-tailore-management.onrender.com/.svn/wc.db,404,Not Found,449,481,179
2167,Fri Apr 03 16:32:11 IST 2026,Fri Apr 03 16:32:12 IST 2026,GET,https://telvex-tailore-management.onrender.com/CVS/root,404,Not Found,416,481,179
2168,Fri Apr 03 16:32:12 IST 2026,Fri Apr 03 16:32:12 IST 2026,GET,https://telvex-tailore-management.onrender.com/server-status,404,Not Found,470,481,179
2169,Fri Apr 03 16:32:12 IST 2026,Fri Apr 03 16:32:13 IST 2026,GET,https://telvex-tailore-management.onrender.com/core,404,Not Found,503,481,179
2170,Fri Apr 03 16:32:13 IST 2026,Fri Apr 03 16:32:13 IST 2026,GET,https://telvex-tailore-management.onrender.com/sftp-config.json,404,Not Found,449,481,179
2171,Fri Apr 03 16:32:13 IST 2026,Fri Apr 03 16:32:14 IST 2026,GET,https://telvex-tailore-management.onrender.com/WS_FTP.ini,404,Not Found,542,481,179
2172,Fri Apr 03 16:32:14 IST 2026,Fri Apr 03 16:32:14 IST 2026,GET,https://telvex-tailore-management.onrender.com/ws_ftp.ini,404,Not Found,441,481,179
2173,Fri Apr 03 16:32:14 IST 2026,Fri Apr 03 16:32:15 IST 2026,GET,https://telvex-tailore-management.onrender.com/WS_FTP.INI,404,Not Found,481,481,179
2174,Fri Apr 03 16:32:15 IST 2026,Fri Apr 03 16:32:15 IST 2026,GET,https://telvex-tailore-management.onrender.com/filezilla.xml,404,Not Found,498,481,179
2175,Fri Apr 03 16:32:15 IST 2026,Fri Apr 03 16:32:16 IST 2026,GET,https://telvex-tailore-management.onrender.com/sitemanager.xml,404,Not Found,478,481,179
2176,Fri Apr 03 16:32:16 IST 2026,Fri Apr 03 16:32:16 IST 2026,GET,https://telvex-tailore-management.onrender.com/FileZilla.xml,404,Not Found,502,481,179
2177,Fri Apr 03 16:32:16 IST 2026,Fri Apr 03 16:32:17 IST 2026,GET,https://telvex-tailore-management.onrender.com/winscp.ini,404,Not Found,446,481,179
2178,Fri Apr 03 16:32:17 IST 2026,Fri Apr 03 16:32:17 IST 2026,GET,https://telvex-tailore-management.onrender.com/WinSCP.ini,404,Not Found,472,481,179
2179,Fri Apr 03 16:32:17 IST 2026,Fri Apr 03 16:32:18 IST 2026,GET,https://telvex-tailore-management.onrender.com/.DS_Store,404,Not Found,450,481,179
2180,Fri Apr 03 16:32:18 IST 2026,Fri Apr 03 16:32:18 IST 2026,GET,https://telvex-tailore-management.onrender.com/.php_cs.cache,404,Not Found,437,481,179
2181,Fri Apr 03 16:32:18 IST 2026,Fri Apr 03 16:32:18 IST 2026,GET,https://telvex-tailore-management.onrender.com/DEADJOE,404,Not Found,424,481,179
2182,Fri Apr 03 16:32:18 IST 2026,Fri Apr 03 16:32:19 IST 2026,GET,https://telvex-tailore-management.onrender.com/sites/default/private/files/backup_migrate/scheduled/test.txt,404,Not Found,463,481,179
2183,Fri Apr 03 16:32:19 IST 2026,Fri Apr 03 16:32:19 IST 2026,GET,https://telvex-tailore-management.onrender.com/app/etc/local.xml,404,Not Found,465,481,179
2184,Fri Apr 03 16:32:19 IST 2026,Fri Apr 03 16:32:20 IST 2026,GET,https://telvex-tailore-management.onrender.com/server.key,404,Not Found,417,481,179
2185,Fri Apr 03 16:32:20 IST 2026,Fri Apr 03 16:32:20 IST 2026,GET,https://telvex-tailore-management.onrender.com/privatekey.key,404,Not Found,481,481,179
2186,Fri Apr 03 16:32:20 IST 2026,Fri Apr 03 16:32:21 IST 2026,GET,https://telvex-tailore-management.onrender.com/myserver.key,404,Not Found,548,481,179
2187,Fri Apr 03 16:32:21 IST 2026,Fri Apr 03 16:32:21 IST 2026,GET,https://telvex-tailore-management.onrender.com/key.pem,404,Not Found,515,481,179
2188,Fri Apr 03 16:32:21 IST 2026,Fri Apr 03 16:32:22 IST 2026,GET,https://telvex-tailore-management.onrender.com/id_rsa,404,Not Found,473,481,179
2189,Fri Apr 03 16:32:22 IST 2026,Fri Apr 03 16:32:22 IST 2026,GET,https://telvex-tailore-management.onrender.com/id_dsa,404,Not Found,439,481,179
2190,Fri Apr 03 16:32:22 IST 2026,Fri Apr 03 16:32:23 IST 2026,GET,https://telvex-tailore-management.onrender.com/.ssh/id_rsa,404,Not Found,446,481,179
2191,Fri Apr 03 16:32:23 IST 2026,Fri Apr 03 16:32:23 IST 2026,GET,https://telvex-tailore-management.onrender.com/.ssh/id_dsa,404,Not Found,501,481,179
2192,Fri Apr 03 16:32:23 IST 2026,Fri Apr 03 16:32:24 IST 2026,GET,https://telvex-tailore-management.onrender.com/adminer.php,404,Not Found,460,481,179
2193,Fri Apr 03 16:32:24 IST 2026,Fri Apr 03 16:32:24 IST 2026,GET,https://telvex-tailore-management.onrender.com/vb_test.php,404,Not Found,437,481,179
2194,Fri Apr 03 16:32:24 IST 2026,Fri Apr 03 16:32:25 IST 2026,GET,https://telvex-tailore-management.onrender.com/CHANGELOG.txt,404,Not Found,459,481,179
2195,Fri Apr 03 16:32:25 IST 2026,Fri Apr 03 16:32:25 IST 2026,GET,https://telvex-tailore-management.onrender.com/sites/default/files/.ht.sqlite,404,Not Found,495,481,179
2196,Fri Apr 03 16:32:25 IST 2026,Fri Apr 03 16:32:26 IST 2026,GET,https://telvex-tailore-management.onrender.com/composer.json,404,Not Found,455,481,179
2197,Fri Apr 03 16:32:26 IST 2026,Fri Apr 03 16:32:26 IST 2026,GET,https://telvex-tailore-management.onrender.com/composer.lock,404,Not Found,464,481,179
2198,Fri Apr 03 16:32:26 IST 2026,Fri Apr 03 16:32:26 IST 2026,GET,https://telvex-tailore-management.onrender.com/vim_settings.xml,404,Not Found,461,481,179
2199,Fri Apr 03 16:32:26 IST 2026,Fri Apr 03 16:32:27 IST 2026,GET,https://telvex-tailore-management.onrender.com/server-info,404,Not Found,452,481,179
2200,Fri Apr 03 16:32:27 IST 2026,Fri Apr 03 16:32:27 IST 2026,GET,https://telvex-tailore-management.onrender.com/phpinfo.php,404,Not Found,514,481,179
2201,Fri Apr 03 16:32:27 IST 2026,Fri Apr 03 16:32:28 IST 2026,GET,https://telvex-tailore-management.onrender.com/info.php,404,Not Found,397,481,179
2202,Fri Apr 03 16:32:28 IST 2026,Fri Apr 03 16:32:28 IST 2026,GET,https://telvex-tailore-management.onrender.com/i.php,404,Not Found,545,481,179
2203,Fri Apr 03 16:32:28 IST 2026,Fri Apr 03 16:32:29 IST 2026,GET,https://telvex-tailore-management.onrender.com/test.php,404,Not Found,441,481,179
2204,Fri Apr 03 16:32:29 IST 2026,Fri Apr 03 16:32:29 IST 2026,GET,https://telvex-tailore-management.onrender.com/_wpeprivate/config.json,404,Not Found,506,481,179
2205,Fri Apr 03 16:32:29 IST 2026,Fri Apr 03 16:32:30 IST 2026,GET,https://telvex-tailore-management.onrender.com/_framework/blazor.boot.json,404,Not Found,488,481,179
2206,Fri Apr 03 16:32:30 IST 2026,Fri Apr 03 16:32:30 IST 2026,GET,https://telvex-tailore-management.onrender.com/.hg,404,Not Found,503,481,179
2207,Fri Apr 03 16:32:30 IST 2026,Fri Apr 03 16:32:31 IST 2026,GET,https://telvex-tailore-management.onrender.com/.bzr,404,Not Found,459,481,179
2208,Fri Apr 03 16:32:31 IST 2026,Fri Apr 03 16:32:31 IST 2026,GET,https://telvex-tailore-management.onrender.com/._darcs,404,Not Found,453,481,179
2209,Fri Apr 03 16:32:31 IST 2026,Fri Apr 03 16:32:32 IST 2026,GET,https://telvex-tailore-management.onrender.com/BitKeeper,404,Not Found,500,481,179
2210,Fri Apr 03 16:32:32 IST 2026,Fri Apr 03 16:32:32 IST 2026,GET,https://telvex-tailore-management.onrender.com/verify-otp,301,Moved Permanently,484,488,0
2211,Fri Apr 03 16:32:32 IST 2026,Fri Apr 03 16:32:33 IST 2026,GET,https://telvex-tailore-management.onrender.com/verify-otp,301,Moved Permanently,472,488,0
2212,Fri Apr 03 16:32:33 IST 2026,Fri Apr 03 16:32:33 IST 2026,GET,https://telvex-tailore-management.onrender.com/verify-otp/,200,OK,487,618,5271
2214,Fri Apr 03 16:32:33 IST 2026,Fri Apr 03 16:32:33 IST 2026,GET,https://telvex-tailore-management.onrender.com/verify-otp,200,OK,480,618,5271
2216,Fri Apr 03 16:32:34 IST 2026,Fri Apr 03 16:32:34 IST 2026,GET,https://telvex-tailore-management.onrender.com/verify-otp/,200,OK,448,618,5271
2218,Fri Apr 03 16:32:35 IST 2026,Fri Apr 03 16:32:35 IST 2026,GET,https://telvex-tailore-management.onrender.com/verify-otp/,200,OK,415,618,5271
2220,Fri Apr 03 16:32:34 IST 2026,Fri Apr 03 16:32:35 IST 2026,GET,https://telvex-tailore-management.onrender.com/verify-otp,200,OK,444,618,5271
2222,Fri Apr 03 16:32:35 IST 2026,Fri Apr 03 16:32:36 IST 2026,GET,https://telvex-tailore-management.onrender.com/verify-otp/,200,OK,460,618,5271
2224,Fri Apr 03 16:32:35 IST 2026,Fri Apr 03 16:32:36 IST 2026,GET,https://telvex-tailore-management.onrender.com/verify-otp,200,OK,445,618,5271
2226,Fri Apr 03 16:32:36 IST 2026,Fri Apr 03 16:32:37 IST 2026,GET,https://telvex-tailore-management.onrender.com/verify-otp/,200,OK,442,618,5271
2228,Fri Apr 03 16:32:37 IST 2026,Fri Apr 03 16:32:38 IST 2026,GET,https://telvex-tailore-management.onrender.com/verify-otp/,200,OK,478,618,5271
2230,Fri Apr 03 16:32:37 IST 2026,Fri Apr 03 16:32:37 IST 2026,GET,https://telvex-tailore-management.onrender.com/verify-otp,200,OK,445,618,5271
2232,Fri Apr 03 16:32:38 IST 2026,Fri Apr 03 16:32:38 IST 2026,GET,https://telvex-tailore-management.onrender.com/verify-otp/,200,OK,412,618,5271
2234,Fri Apr 03 16:32:38 IST 2026,Fri Apr 03 16:32:39 IST 2026,GET,https://telvex-tailore-management.onrender.com/verify-otp,200,OK,425,618,5271
2236,Fri Apr 03 16:32:39 IST 2026,Fri Apr 03 16:32:39 IST 2026,GET,https://telvex-tailore-management.onrender.com/verify-otp/,200,OK,486,618,5271
2238,Fri Apr 03 16:32:39 IST 2026,Fri Apr 03 16:32:40 IST 2026,GET,https://telvex-tailore-management.onrender.com/verify-otp,200,OK,467,618,5271
2240,Fri Apr 03 16:32:40 IST 2026,Fri Apr 03 16:32:40 IST 2026,GET,https://telvex-tailore-management.onrender.com/verify-otp/,200,OK,455,618,5271
2242,Fri Apr 03 16:32:41 IST 2026,Fri Apr 03 16:32:41 IST 2026,GET,https://telvex-tailore-management.onrender.com/verify-otp/,200,OK,426,618,5271
2244,Fri Apr 03 16:32:41 IST 2026,Fri Apr 03 16:32:41 IST 2026,GET,https://telvex-tailore-management.onrender.com/verify-otp,200,OK,442,618,5271
2246,Fri Apr 03 16:32:42 IST 2026,Fri Apr 03 16:32:42 IST 2026,GET,https://telvex-tailore-management.onrender.com/verify-otp/,200,OK,441,618,5271
2248,Fri Apr 03 16:32:42 IST 2026,Fri Apr 03 16:32:43 IST 2026,GET,https://telvex-tailore-management.onrender.com/verify-otp,200,OK,433,618,5271
2250,Fri Apr 03 16:32:43 IST 2026,Fri Apr 03 16:32:43 IST 2026,GET,https://telvex-tailore-management.onrender.com/verify-otp/,200,OK,515,618,5271
2252,Fri Apr 03 16:32:43 IST 2026,Fri Apr 03 16:32:44 IST 2026,GET,https://telvex-tailore-management.onrender.com/verify-otp,200,OK,462,618,5271
2254,Fri Apr 03 16:32:45 IST 2026,Fri Apr 03 16:32:45 IST 2026,GET,https://telvex-tailore-management.onrender.com/verify-otp,200,OK,450,618,5271
2256,Fri Apr 03 16:32:46 IST 2026,Fri Apr 03 16:32:47 IST 2026,GET,https://telvex-tailore-management.onrender.com/verify-otp,200,OK,461,618,5271
2258,Fri Apr 03 16:32:48 IST 2026,Fri Apr 03 16:32:48 IST 2026,GET,https://telvex-tailore-management.onrender.com/verify-otp,200,OK,438,618,5271
2260,Fri Apr 03 16:32:49 IST 2026,Fri Apr 03 16:32:50 IST 2026,GET,https://telvex-tailore-management.onrender.com/verify-otp,301,Moved Permanently,482,488,0
2261,Fri Apr 03 16:32:50 IST 2026,Fri Apr 03 16:32:50 IST 2026,GET,https://telvex-tailore-management.onrender.com/verify-otp,301,Moved Permanently,462,488,0
2262,Fri Apr 03 16:32:50 IST 2026,Fri Apr 03 16:32:50 IST 2026,GET,https://telvex-tailore-management.onrender.com/verify-otp,301,Moved Permanently,440,488,0
